Name,Full_Name,Start_Date,End_Date,Title
Hamlin,Charles S. Hamlin,1914-08-10,1916-08-09,Governor of the Federal Reserve Board
Harding,W.P.G. Harding,1916-08-10,1922-08-09,Governor of the Federal Reserve Board
Crissinger,Daniel R. Crissinger,1923-05-01,1927-09-15,Governor of the Federal Reserve Board
Young,Roy A. Young,1927-10-04,1930-08-31,Governor of the Federal Reserve Board
Meyer,Eugene Meyer,1930-09-16,1933-05-10,Governor of the Federal Reserve Board
Black,Eugene R. Black,1933-05-19,1934-08-15,Governor of the Federal Reserve Board
Eccles,Marriner S. Eccles,1934-11-15,1948-01-31,Chairman of the Board of Governors of the Federal Reserve System
McCabe,Thomas B. McCabe,1948-04-15,1951-03-31,Chairman of the Board of Governors of the Federal Reserve System
Martin,"William McChesney Martin, Jr.",1951-04-02,1970-01-31,Chairman of the Board of Governors of the Federal Reserve System
Burns,Arthur F. Burns,1970-02-01,1978-01-31,Chairman of the Board of Governors of the Federal Reserve System
Miller,G. William Miller,1978-03-08,1979-08-06,Chairman of the Board of Governors of the Federal Reserve System
Volcker,Paul A. Volcker,1979-08-06,1987-08-11,Chairman of the Board of Governors of the Federal Reserve System
Greenspan,Alan Greenspan,1987-08-11,2006-01-31,Chairman of the Board of Governors of the Federal Reserve System
Bernanke,Ben S. Bernanke,2006-02-01,2014-01-31,Chairman of the Board of Governors of the Federal Reserve System
Yellen,Janet L. Yellen,2014-02-03,2018-02-03,Chair of the Board of Governors of the Federal Reserve System
Powell, Jerome H. Powell,2018-02-05,,Chair of the Board of Governors of the Federal Reserve System